name,surname,gender,birthdate,phone,email,city,street_name,postal_code
Gloria,White,Male,2004-03-31,001-845-328-6764x14942,jessica80@hotmail.com,West Brenda,Tiffany Overpass,86198
Terry,Ho,Male,1944-04-25,+1-773-386-9671x3447,richardthomas@gmail.com,Jasonshire,Schmidt Camp,89984
Rachel,Chang,Female,1949-06-04,841.474.8353x754,nelsontiffany@scott.info,Port Laurenhaven,Ball River,56171
Robert,Tucker,Male,1947-09-16,797.358.1070,lopezjeffrey@bryant-pacheco.com,Wandachester,Alex Circle,94889
Jonathan,Carroll,Male,2004-09-19,(210)560-8539,shelly31@may.com,Atkinsport,Logan Parks,15696
Michael,Williams,Female,1994-08-12,109.622.9397,suttonpaula@gmail.com,Cruzhaven,Lisa Walks,78030
Michael,Larson,Male,1996-05-22,(121)766-3184x4401,imartin@gmail.com,North Seanview,Jacqueline Squares,68906
Kevin,Barry,Male,1973-09-01,581.623.5853,victoriaharding@roberts-wilson.biz,Rhondaview,Kimberly Forge,44116
Nancy,Hudson,Female,1949-05-12,(566)665-9451,christopher75@rivera.com,West Catherine,Johnson Harbor,45097
Brandon,Dorsey,Female,1992-08-14,001-721-455-7127x587,aguilarcarrie@gmail.com,East Timothy,Robinson Locks,45568
April,Freeman,Male,1955-03-12,315.508.7344,charlesmorgan@brown.com,New Austintown,Kenneth Ways,63943
Jacob,Lee,Male,1974-07-02,899-448-0714,yjackson@wallace-randolph.info,Brownton,Douglas Falls,71075
Kim,Curry,Female,1957-11-18,068.202.8653,christopherdavis@navarro.org,North Kaitlinburgh,Edwards Branch,28496
Clarence,Scott,Male,1975-04-29,+1-500-048-4921,marc21@smith.com,West Stacyland,Jason Keys,61538
Bradley,Johnson,Male,1996-10-22,766.455.7623x8011,jbrown@chung.com,East Erikfort,Jeanette Crossing,07858
Frederick,Gordon,Female,2001-01-27,5131305238,davisderrick@gmail.com,Johnport,Erik Bridge,45068
Alexandra,Gibson,Female,1958-11-09,001-433-648-3351x896,wallacejennifer@hartman-mcdowell.com,Longview,Sims Roads,50113
Madison,Webb,Female,1983-05-21,001-079-918-6880,williammassey@sanders.biz,North Mollytown,Ruben Shoals,62518
Jimmy,Turner,Female,1989-10-11,146.396.4186,kristen54@gmail.com,North Eileenland,Richard Port,20523
Mary,Harrison,Female,1962-02-18,879-424-9118,wwhite@melendez.info,Andrewside,Joshua Land,60390
Marc,Perry,Female,1997-10-17,904.754.3046x3006,erikanavarro@stone.com,New Mariaburgh,Robbins Route,62767
Emily,Berg,Female,1996-09-21,001-274-857-3329x1380,kathrynburnett@james-hall.com,New Melissa,Lewis Run,79578
Jason,Jackson,Male,1971-08-17,(845)443-9932x326,helenhernandez@yahoo.com,Lake Janetview,Eric Points,73140
Craig,Todd,Female,1964-06-08,(880)094-6825x241,adam52@morales.com,Dunntown,Jeffrey Stravenue,75008
Katelyn,Bass,Female,1973-04-27,660.755.2854x91033,gthomas@gmail.com,North Rachel,Lisa Underpass,58741
Mark,Hanson,Female,1983-06-21,599.122.5101x858,sharitaylor@gmail.com,South Kathleenview,John Port,32034
Kristin,Cabrera,Male,1947-12-20,001-947-378-8198x35744,bryan70@hotmail.com,East Andrea,Hess Inlet,53904
Ronald,King,Male,1975-08-09,232-075-2897x90481,twilson@hotmail.com,New Ashley,Barnett Row,52794
Tammy,Stokes,Male,1997-08-20,(952)058-3879x443,andersonryan@hotmail.com,Tranfurt,Theresa Ford,15599
Brian,Wright,Male,1982-05-18,001-732-538-1035x918,khall@hotmail.com,South Zachary,Lopez Springs,79819
Monica,Conley,Male,2002-10-10,001-458-536-9131x3716,brianabailey@meyer-white.info,Port Elizabeth,Perez Wall,59731
Dana,Lamb,Male,1953-05-10,001-073-488-1789x1208,patricia08@gmail.com,West Johnny,Garcia Park,77901
Amy,Pope,Male,1969-07-22,515.347.0852,david12@parsons.net,New Jason,Anthony Rapid,50077
Ronald,Santiago,Female,1977-09-14,(436)292-6650x58403,kjones@hotmail.com,Robertsstad,Jeffrey Road,56772
Sheena,Ortiz,Female,1960-08-13,001-909-283-2980x5309,ramirezjason@burch-butler.com,Blairborough,Eric Key,33470
Brianna,Garrett,Female,1969-04-30,882-280-6619,afisher@yahoo.com,East Michaelborough,Vincent Junction,39612
Gerald,Schultz,Male,1983-05-31,759-149-0216x68199,carrollrobert@allen.com,East Kimberly,Fischer Dale,46292
Calvin,Hamilton,Female,1994-04-07,(772)582-1967,brad47@moon-woods.com,Toddton,Jennifer Mission,08555
Steven,Tran,Male,1993-05-08,515-408-9715x732,stephanie71@leach.com,Shannonhaven,Gregory Inlet,53560
Taylor,Robles,Female,1949-08-18,+1-704-699-2111x09746,amandadavis@hotmail.com,North Donald,Kurt Villages,04714
Miguel,Vasquez,Male,1955-05-04,+1-199-544-3481,jacqueline12@hotmail.com,Yorkview,Clark Place,86757
Rachel,Anthony,Female,1962-01-29,361-346-1658x31493,henrycampbell@monroe-taylor.biz,South Dawnmouth,Berry Inlet,85812
Kristina,Hayden,Female,1963-08-19,1197679803,amoore@simon.com,West Kathyberg,John Corners,84050
Ronald,Pace,Male,1989-04-18,827-340-9174x2259,davidbradford@yahoo.com,New Sheilamouth,Delgado Forest,28463
Joseph,Brewer,Male,1984-01-15,001-692-712-7928x949,robertsmith@bullock.biz,East Sergio,Matthew Coves,48256
Denise,Thompson,Male,1975-08-05,(781)749-4257x42462,lindaramos@gmail.com,Port Michealhaven,Robert Manor,60967
William,Rivers,Male,1949-04-05,+1-617-529-2281x1655,lewisgloria@allen.com,South Sherryport,Alyssa Viaduct,22210
Douglas,Dunlap,Female,1985-06-11,998-962-6855x296,arussell@hotmail.com,South Marcusbury,Jackson Crossing,92737
Lauren,Lee,Female,1987-06-27,912-383-8069x49061,carteredward@gmail.com,New Justin,Carroll Avenue,58121
Joseph,Smith,Female,1993-10-12,944-026-2668x0629,gerald34@hotmail.com,West Teresa,Katelyn Coves,71495
